{
    "metrics": {
        "data_received": {
            "count": 155403,
            "rate": 2575.6280904008095
        },
        "http_req_connecting": {
            "p(90)": 0,
            "p(95)": 0,
            "avg": 0.001982355555555556,
            "min": 0,
            "med": 0,
            "max": 0.131862
        },
        "http_req_waiting": {
            "avg": 4.569817144444442,
            "min": 0.201355,
            "med": 1.0185075000000001,
            "max": 36.228291,
            "p(90)": 15.273386899999998,
            "p(95)": 20.8454816
        },
        "iteration_duration": {
            "min": 5011.981244,
            "med": 5029.136876500001,
            "max": 5052.924367,
            "p(90)": 5038.005498,
            "p(95)": 5040.29301925,
            "avg": 5027.603768694444
        },
        "http_req_tls_handshaking": {
            "min": 0,
            "med": 0,
            "max": 0,
            "p(90)": 0,
            "p(95)": 0,
            "avg": 0
        },
        "http_req_duration": {
            "min": 0.246683,
            "med": 1.137553,
            "max": 36.340457,
            "p(90)": 15.398998899999999,
            "p(95)": 20.967950149999997,
            "avg": 4.676537849999998
        },
        "http_req_sending": {
            "p(90)": 0.047150899999999996,
            "p(95)": 0.052385499999999995,
            "avg": 0.03507784444444445,
            "min": 0.017111,
            "med": 0.034328,
            "max": 0.089188
        },
        "vus": {
            "value": 3,
            "min": 3,
            "max": 3
        },
        "http_reqs": {
            "count": 180,
            "rate": 2.9832954078888165
        },
        "http_req_failed": {
            "passes": 0,
            "fails": 180,
            "value": 0
        },
        "checks": {
            "passes": 108,
            "fails": 0,
            "value": 1
        },
        "iterations": {
            "count": 36,
            "rate": 0.5966590815777633
        },
        "data_sent": {
            "count": 52054,
            "rate": 862.7358842346914
        },
        "http_req_duration{expected_response:true}": {
            "p(95)": 20.967950149999997,
            "avg": 4.676537849999998,
            "min": 0.246683,
            "med": 1.137553,
            "max": 36.340457,
            "p(90)": 15.398998899999999
        },
        "http_req_receiving": {
            "med": 0.069703,
            "max": 0.269381,
            "p(90)": 0.0969269,
            "p(95)": 0.10619539999999993,
            "avg": 0.07164286111111108,
            "min": 0.028077
        },
        "http_req_blocked": {
            "p(95)": 0.01190089999999999,
            "avg": 0.014590399999999993,
            "min": 0.004331,
            "med": 0.009149,
            "max": 0.382665,
            "p(90)": 0.011384
        },
        "vus_max": {
            "value": 3,
            "min": 3,
            "max": 3
        }
    },
    "root_group": {
        "name": "",
        "path": "",
        "id": "d41d8cd98f00b204e9800998ecf8427e",
        "groups": {},
        "checks": {
                "is status 200": {
                    "passes": 108,
                    "fails": 0,
                    "name": "is status 200",
                    "path": "::is status 200",
                    "id": "548d37ca5f33793206f7832e7cea54fb"
                }
            }
    }
}